Date,Open Price,High Price,Low Price,Close Price,WAP,No.of Shares,No. of Trades,Total Turnover (Rs.),Deliverable Quantity,% Deli. Qty to Traded Qty,Spread High-Low,Spread Close-Open
26-April-2016,1017.00,1023.85,1008.00,1016.80,1014.624204502654695226,411535,15742,417553372.00,103288,25.10,15.85,-0.20
25-April-2016,1042.70,1044.90,1012.75,1016.15,1020.171031561136881542,628843,25573,641527412.00,150237,23.89,32.15,-26.55
22-April-2016,1041.00,1047.75,1030.50,1038.75,1039.441825996127375491,242213,9581,251766323.00,74180,30.63,17.25,-2.25
21-April-2016,1044.90,1051.50,1035.00,1040.90,1041.892153103038189581,232079,9249,241801289.00,61280,26.40,16.50,-4.00
20-April-2016,1068.20,1070.00,1035.35,1038.30,1045.475323990787317665,261813,13736,273719031.00,94153,35.96,34.65,-29.90
18-April-2016,1065.45,1065.70,1055.00,1061.75,1059.679835647703760585,375048,7026,397430803.00,177510,47.33,10.70,-3.70
13-April-2016,1052.00,1068.30,1052.00,1065.45,1059.652863620078912965,421477,11413,446619310.00,216488,51.36,16.30,13.45
12-April-2016,1040.30,1057.00,1038.60,1047.15,1049.496555614787824835,193213,7206,202776378.00,52828,27.34,18.40,6.85
11-April-2016,1035.20,1045.00,1033.30,1039.85,1040.203615934016675133,167315,6245,174041668.00,54424,32.53,11.70,4.65
8-April-2016,1033.50,1054.00,1032.05,1037.85,1042.077181272786897895,259195,10732,270101195.00,45808,17.67,21.95,4.35
7-April-2016,1032.00,1048.00,1023.25,1037.95,1037.863811791755624897,170492,6997,176947477.00,39029,22.89,24.75,5.95
6-April-2016,1030.80,1035.90,1022.20,1031.45,1029.603310880237470030,87590,4622,90182954.00,18891,21.57,13.70,0.65
5-April-2016,1030.00,1042.00,1022.65,1028.10,1029.900072770733635018,207501,5923,213705295.00,69880,33.68,19.35,-1.90
4-April-2016,1036.15,1042.45,1024.45,1035.15,1032.861937439191341708,116143,5958,119959684.00,21351,18.38,18.00,-1.00
1-April-2016,1039.00,1045.90,1026.40,1033.65,1033.450943451337773104,205416,11717,212287359.00,48657,23.69,19.50,-5.35
31-March-2016,1043.00,1055.95,1034.10,1045.25,1046.026559857891950057,292735,9205,306208585.00,120343,41.11,21.85,2.25
30-March-2016,1040.35,1050.90,1040.25,1044.90,1046.844296689258720414,225448,8963,236008953.00,74792,33.17,10.65,4.55
29-March-2016,1023.05,1040.90,1022.40,1035.40,1034.326701447583374883,246687,7577,255154951.00,74615,30.25,18.50,12.35
28-March-2016,1029.00,1031.95,1015.50,1020.50,1022.457176176866725797,304410,12716,311246189.00,106985,35.15,16.45,-8.50
23-March-2016,1047.00,1047.00,1023.00,1029.35,1031.409251074926745204,350489,10739,361497597.00,106129,30.28,24.00,-17.65
22-March-2016,1038.10,1052.50,1036.75,1048.50,1045.552948731103924690,302113,11164,315875138.00,91235,30.20,15.75,10.40
21-March-2016,1027.20,1039.00,1023.50,1036.20,1029.796757211003732173,202295,7924,208322735.00,73940,36.55,15.50,9.00
18-March-2016,1019.00,1028.40,1016.25,1025.20,1022.109259948655221261,827348,8279,845640052.00,684960,82.79,12.15,6.20
17-March-2016,1028.00,1036.40,1012.40,1015.55,1024.415860658179579352,201404,8721,206321452.00,50951,25.30,24.00,-12.45
16-March-2016,1021.00,1025.70,1005.40,1021.75,1016.292459534149230161,164645,6645,167327472.00,22640,13.75,20.30,0.75
15-March-2016,1021.00,1026.95,1016.00,1020.40,1021.226939520333680917,191800,5634,195871327.00,77167,40.23,10.95,-0.60
14-March-2016,1018.15,1026.00,1013.00,1018.55,1018.646669643810614812,206014,6156,209855475.00,60195,29.22,13.00,0.40
11-March-2016,1016.50,1029.50,1011.30,1015.65,1019.571164815673311430,248065,8869,252919921.00,44780,18.05,18.20,-0.85
10-March-2016,1043.70,1045.00,1009.00,1012.00,1020.160672868540380285,354839,15320,361992793.00,105088,29.62,36.00,-31.70
9-March-2016,1019.00,1044.00,1017.35,1041.95,1033.748933497557036469,367791,11771,380203554.00,102896,27.98,26.65,22.95
8-March-2016,1006.00,1031.00,1006.00,1027.15,1021.890341554456892123,424354,13337,433643254.00,148281,34.94,25.00,21.15
4-March-2016,1017.00,1018.00,1003.75,1006.50,1008.897172716757924003,2911912,6987,2937819784.00,2688418,92.32,14.25,-10.50
3-March-2016,1007.25,1017.25,997.55,1012.55,1008.873301042125348598,340650,11815,343672690.00,104736,30.75,19.70,5.30
2-March-2016,992.50,1005.25,987.50,1001.20,998.647715195596321962,529739,12416,529022642.00,303733,57.34,17.75,8.70
1-March-2016,967.50,985.00,965.00,982.25,979.622700262002571922,311829,10931,305474767.00,104509,33.51,20.00,14.75
29-February-2016,951.10,993.00,936.30,966.55,959.368465421585059020,999988,22873,959356953.00,372718,37.27,56.70,15.45
26-February-2016,950.00,958.50,944.95,950.50,951.424967460208165821,225109,6121,214174323.00,65338,29.03,13.55,0.50
25-February-2016,957.00,957.00,941.70,944.40,947.621349046885370959,332961,6898,315520952.00,180413,54.18,15.30,-12.60
24-February-2016,946.30,959.00,942.55,952.55,954.391241650081741214,1457649,9209,1391167439.00,1262542,86.61,16.45,6.25
23-February-2016,964.00,966.90,943.05,950.70,957.701145800366406497,1794728,9348,1718813062.00,1569863,87.47,23.85,-13.30
22-February-2016,945.90,967.90,945.05,962.45,961.502119979896742358,218870,7756,210443969.00,46690,21.33,22.85,16.55
19-February-2016,941.15,952.45,937.80,944.55,945.183978986721670749,186168,7112,175963011.00,21374,11.48,14.65,3.40
18-February-2016,962.00,967.75,936.30,941.15,950.803049717040797049,243498,9004,231518641.00,41642,17.10,31.45,-20.85
17-February-2016,933.40,956.00,917.10,952.45,937.878956456066132708,365447,12080,342745051.00,60239,16.48,38.90,19.05
16-February-2016,952.80,958.00,927.00,929.65,942.267545928641839553,307379,10116,289633256.00,33676,10.96,31.00,-23.15
15-February-2016,921.00,949.95,920.00,944.65,939.911597122700618245,288882,9957,271523542.00,59296,20.53,29.95,23.65
12-February-2016,931.05,933.00,888.50,906.30,907.509568472038749449,681300,23393,618286269.00,159288,23.38,44.50,-24.75
11-February-2016,963.00,966.00,916.25,922.45,937.678876741769611282,563005,17182,527917896.00,168980,30.01,49.75,-40.55
10-February-2016,951.25,972.90,948.95,962.40,962.948940020682523267,495104,10785,476759872.00,208627,42.14,23.95,11.15
9-February-2016,951.10,968.50,950.35,956.60,961.092405482686326973,359167,13866,345192676.00,65476,18.23,18.15,5.50
8-February-2016,971.90,984.25,957.70,961.60,972.945803680194909277,311940,10638,303500714.00,81347,26.08,26.55,-10.30
5-February-2016,976.30,982.00,963.00,972.30,971.212605992257297815,329859,11897,320363219.00,43016,13.04,19.00,-4.00
4-February-2016,990.00,1000.00,968.00,973.95,982.266402183135735088,305249,12485,299835837.00,46843,15.35,32.00,-16.05
3-February-2016,988.10,993.20,975.00,980.70,984.315158741210053609,344712,10610,339305247.00,70638,20.49,18.20,-7.40
2-February-2016,1031.00,1032.00,990.30,1002.00,1012.893933037295338763,367070,11152,371802976.00,103173,28.11,41.70,-29.00
1-February-2016,1040.00,1041.00,1025.15,1028.10,1032.208104389261868922,216574,7112,223549438.00,44724,20.65,15.85,-11.90
29-January-2016,1020.00,1039.40,1018.85,1035.05,1031.594346375320055126,280811,10044,289683040.00,87594,31.19,20.55,15.05
28-January-2016,1000.00,1021.75,997.75,1016.90,1009.912860607014356325,279598,10218,282369616.00,84484,30.22,24.00,16.90
27-January-2016,1007.95,1009.70,996.15,999.35,1003.407951987996999249,213280,8067,214006848.00,73187,34.31,13.55,-8.60
25-January-2016,1008.20,1018.40,1000.15,1004.80,1009.965519363902325985,276184,9008,278936317.00,68788,24.91,18.25,-3.40
22-January-2016,995.00,1010.15,994.75,1003.95,1003.456551792238570158,344318,12402,345508153.00,63959,18.58,15.40,8.95
21-January-2016,1016.30,1025.70,978.15,984.90,993.948776672936799019,921299,29044,915724014.00,128409,13.94,47.55,-31.40
20-January-2016,1040.50,1040.50,990.50,1004.35,1008.483926891342164222,1181912,39978,1191939255.00,253635,21.46,50.00,-36.15
19-January-2016,1025.00,1049.00,1015.20,1043.60,1036.090254581314391425,539474,16545,558943754.00,130857,24.26,33.80,18.60
18-January-2016,1073.05,1082.45,1010.10,1018.00,1049.190728947345619644,577065,17691,605451248.00,127804,22.15,72.35,-55.05
15-January-2016,1070.00,1089.50,1066.00,1073.15,1081.107711448031545874,806191,23298,871579307.00,274625,34.06,23.50,3.15
14-January-2016,1062.10,1081.00,1052.40,1061.20,1067.513988451827332480,590916,15788,630811096.00,117342,19.86,28.60,-0.90
13-January-2016,1054.80,1087.40,1019.35,1077.35,1059.947470611376432417,1418406,27783,1503435852.00,482983,34.05,68.05,22.55
12-January-2016,1054.00,1065.00,1041.05,1045.10,1052.989161410988835654,451258,14934,475169783.00,104846,23.23,23.95,-8.90
11-January-2016,1011.00,1059.95,1011.00,1051.55,1048.107563667094635224,861434,22283,902875491.00,287653,33.39,48.95,40.55
8-January-2016,1019.00,1032.15,1000.05,1024.05,1003.965622274220757993,7008317,27081,7036109338.00,6184723,88.25,32.10,5.05
7-January-2016,1023.80,1027.60,1008.25,1011.55,1015.483768218869395503,374543,9578,380342337.00,53481,14.28,19.35,-12.25
6-January-2016,1005.00,1038.00,1000.55,1031.95,1027.955139102782055641,949981,31274,976537851.00,305282,32.14,37.45,26.95
5-January-2016,1002.00,1010.00,996.85,1005.10,1004.668569353618102901,294671,5588,296046692.00,102135,34.66,13.15,3.10
4-January-2016,1006.00,1014.20,987.30,995.40,999.484352786822937794,273627,8604,273485905.00,49267,18.01,26.90,-10.60
1-January-2016,1010.00,1020.00,1008.75,1015.35,1016.567151052207124271,328595,6141,334038883.00,179023,54.48,11.25,5.35
31-December-2015,1004.00,1017.00,1000.00,1012.60,1009.307692307692307692,241436,8165,243683212.00,66299,27.46,17.00,8.60
30-December-2015,1015.70,1017.00,1002.10,1004.85,1007.892416701163921327,103873,3532,104692809.00,28103,27.06,14.90,-10.85
29-December-2015,1013.00,1018.50,1007.50,1015.15,1013.894281938927557303,248983,6346,252442440.00,119230,47.89,11.00,2.15
28-December-2015,1004.00,1013.55,1001.00,1008.55,1008.699293722357458771,291670,7068,294207323.00,114899,39.39,12.55,4.55
24-December-2015,1005.50,1008.00,996.10,1000.90,1000.791003285317159464,146409,5043,146524810.00,50625,34.58,11.90,-4.60
23-December-2015,993.40,1006.00,990.90,1003.55,1003.508969587526701755,227045,7718,227841694.00,77454,34.11,15.10,10.15
22-December-2015,991.10,1002.50,984.00,987.50,993.857713947290494521,263406,6907,261788085.00,71015,26.96,18.50,-3.60
21-December-2015,988.55,998.20,985.00,992.25,991.460633670021097440,267805,7715,265518115.00,58657,21.90,13.20,3.70
18-December-2015,1003.00,1009.00,990.15,992.05,997.991494344728273984,252773,7715,252265304.00,67770,26.81,18.85,-10.95
17-December-2015,980.25,1013.25,978.00,1008.35,995.029135174671728605,574220,14343,571365630.00,251885,43.87,35.25,28.10
16-December-2015,973.40,986.90,973.40,978.00,980.686984110056521275,187540,6813,183918037.00,44272,23.61,13.50,4.60
15-December-2015,956.00,977.90,953.00,975.90,969.141487026233703584,244609,9608,237060730.00,72164,29.50,24.90,19.90
14-December-2015,946.50,962.70,946.50,955.45,955.868679778065969454,252147,6800,241019420.00,52815,20.95,16.20,8.95
11-December-2015,950.10,958.85,942.90,952.25,950.744178075722123717,370539,10566,352287797.00,118416,31.96,15.95,2.15
10-December-2015,921.15,953.40,920.25,949.90,939.805146151314436170,388912,12770,365501499.00,139056,35.76,33.15,28.75
9-December-2015,940.00,944.35,913.00,915.95,927.251705438921258342,351669,9070,326085680.00,,,31.35,-24.05
8-December-2015,950.10,954.00,937.70,942.45,946.765029376361984794,223479,6276,211582102.00,35394,15.84,16.30,-7.65
7-December-2015,967.00,972.90,951.00,953.70,957.110375930463007755,192243,6620,183997770.00,36384,18.93,21.90,-13.30
4-December-2015,973.50,976.00,961.90,965.75,967.376622740410522706,183717,5454,177723531.00,35461,19.30,14.10,-7.75
3-December-2015,977.50,988.25,973.35,976.80,981.343087121212121212,316800,6790,310889490.00,164092,51.80,14.90,-0.70
2-December-2015,966.40,978.60,965.80,976.60,972.896521944871643203,169060,6145,164477886.00,40233,23.80,12.80,10.20
1-December-2015,966.40,978.50,962.00,965.55,969.269231905552568291,169237,5572,164036217.00,41351,24.43,16.50,-0.85
30-November-2015,977.15,983.80,964.00,968.00,970.184055978279868094,171638,6091,166520451.00,31088,18.11,19.80,-9.15
27-November-2015,990.00,992.00,974.35,979.05,982.772217337165316227,169451,7269,166531735.00,39746,23.46,17.65,-10.95
26-November-2015,969.90,990.60,968.45,987.70,982.812179647299795174,300255,10162,295094271.00,110842,36.92,22.15,17.80
24-November-2015,952.05,971.00,950.75,968.00,963.714969310112339874,228414,8926,220125991.00,70704,30.95,20.25,15.95
23-November-2015,947.55,955.65,945.65,952.10,951.220989208633093525,166800,6314,158663661.00,39880,23.91,10.00,4.55
20-November-2015,935.40,952.10,925.40,945.95,943.212351998736704971,303967,7996,286705429.00,65417,21.52,26.70,10.55
19-November-2015,919.50,937.50,918.00,934.20,931.690663303686003805,225990,9021,210552773.00,71659,31.71,19.50,14.70
18-November-2015,927.00,931.65,910.00,912.35,923.139441642024699947,229960,7593,212285146.00,29227,12.71,21.65,-14.65
17-November-2015,936.70,938.70,925.95,927.50,930.775033965608727849,171497,4516,159625126.00,36529,21.30,12.75,-9.20
16-November-2015,929.00,941.80,924.70,933.05,933.338462429579859021,397081,8783,370610970.00,77005,19.39,17.10,4.05
13-November-2015,918.00,937.15,915.00,930.20,926.954009125519486180,275272,7902,255164484.00,59710,21.69,22.15,12.20
11-November-2015,928.00,933.00,927.00,928.95,929.229337443658189121,85638,2641,79577342.00,29469,34.41,6.00,0.95
10-November-2015,957.10,958.95,917.00,921.95,933.317853138207642103,278248,9817,259693826.00,70752,25.43,41.95,-35.15
9-November-2015,935.00,962.25,925.00,960.00,948.308940840479376780,267514,8720,253685918.00,53137,19.86,37.25,25.00
6-November-2015,938.00,954.00,938.00,952.45,948.601717613804736830,175476,7708,166456835.00,57438,32.73,16.00,14.45
5-November-2015,951.00,951.50,933.05,936.85,943.695061708133657191,243728,5288,230004910.00,61342,25.17,18.45,-14.15
4-November-2015,972.00,975.00,946.70,952.10,962.714775120946274391,172804,5939,166360964.00,49556,28.68,28.30,-19.90
3-November-2015,962.00,970.00,962.00,966.40,965.580485740044418057,181908,6062,175646815.00,72767,40.00,8.00,4.40
2-November-2015,946.10,960.50,945.25,959.15,953.791395179149758701,156238,5260,149018460.00,52839,33.82,15.25,13.05
30-October-2015,941.55,955.75,940.80,947.85,950.011908138868466298,172739,6341,164104107.00,53879,31.19,14.95,6.30
29-October-2015,938.80,944.95,935.50,941.55,940.364989044769286111,122316,4102,115021684.00,31883,26.07,9.45,2.75
28-October-2015,938.00,944.50,930.35,937.25,937.891220858284852708,140606,4750,131873133.00,27651,19.67,14.15,-0.75
27-October-2015,941.80,947.75,937.50,939.20,941.136659223430095408,142859,4432,134449842.00,49075,34.35,10.25,-2.60
26-October-2015,958.05,963.00,940.00,943.00,948.362743087031608758,151129,4227,143325113.00,34421,22.78,23.00,-15.05
23-October-2015,962.10,973.35,950.80,955.85,963.110290039408661565,239795,7265,230949032.00,58347,24.33,22.55,-6.25
21-October-2015,956.00,974.00,952.80,954.75,962.639011574385337043,290037,9210,279200931.00,61692,21.27,21.20,-1.25
20-October-2015,963.00,966.80,951.10,955.45,957.272667098282876110,206974,7181,198130553.00,50280,24.29,15.70,-7.55
19-October-2015,941.60,965.20,941.60,963.40,956.927018165043823012,802090,22962,767541592.00,215718,26.89,23.60,21.80
16-October-2015,905.00,914.70,904.00,912.20,911.129889343328129502,232521,8129,211856833.00,75022,32.26,10.70,7.20
15-October-2015,907.25,910.60,900.10,904.00,904.753390018016878970,189822,5702,171742098.00,61452,32.37,10.50,-3.25
14-October-2015,893.15,904.00,892.30,902.00,899.973925665746747428,167406,4923,150661035.00,36930,22.06,11.70,8.85
13-October-2015,887.80,895.00,883.00,892.55,889.830672730123882703,127540,4076,113489004.00,22649,17.76,12.00,4.75
12-October-2015,890.00,900.65,888.50,892.05,894.606531267960640662,144413,4292,129192813.00,35465,24.56,12.15,2.05
9-October-2015,896.85,904.90,882.10,886.35,891.526457055214723926,252976,7795,225534797.00,61312,24.24,22.80,-10.50
8-October-2015,914.15,915.00,886.60,889.15,899.302072724176104913,293575,9218,264012606.00,51113,17.41,28.40,-25.00
7-October-2015,895.80,917.00,890.05,913.85,903.615100043632737019,320860,9827,289933941.00,102933,32.08,26.95,18.05
6-October-2015,893.10,899.00,885.55,895.90,893.324663999179234636,233928,6473,208973652.00,78948,33.75,13.45,2.80
5-October-2015,865.00,889.90,862.50,886.25,877.666981924609089184,369010,9673,323867893.00,94602,25.64,27.40,21.25
1-October-2015,872.00,872.50,858.80,862.30,863.047239823182484447,173286,6118,149554004.00,40289,23.25,13.70,-9.70
30-September-2015,848.05,863.00,838.60,860.50,852.995450496309493509,345752,8835,294924883.00,81719,23.64,24.40,12.45
29-September-2015,829.00,849.30,826.55,839.15,837.311566600434022213,436844,9814,365774534.00,139144,31.85,22.75,10.15
28-September-2015,837.90,840.90,830.00,834.35,834.173028385491631369,778144,8841,649106737.00,540499,69.46,10.90,-3.55
24-September-2015,848.00,848.00,835.05,837.90,838.830351615359751053,730116,14038,612443461.00,435761,59.68,12.95,-10.10
23-September-2015,840.00,856.75,840.00,851.40,849.483767505219432385,416233,7535,353583177.00,192106,46.15,16.75,11.40
22-September-2015,880.10,884.45,845.00,847.45,863.342856787619739674,723862,11738,624941087.00,477166,65.92,39.45,-32.65
21-September-2015,880.00,887.75,875.70,877.70,881.519406540921690726,177131,5106,156144414.00,52048,29.38,12.05,-2.30
18-September-2015,877.50,899.00,877.10,895.10,888.562079930103233799,558538,9260,496295687.00,299128,53.56,21.90,17.60
16-September-2015,870.00,877.40,865.00,872.10,872.133349773652040654,283855,5986,247559412.00,124027,43.69,12.40,2.10
15-September-2015,862.00,869.65,856.20,867.55,863.397111327491074326,332748,6013,287293662.00,154721,46.50,13.45,5.55
14-September-2015,861.80,864.40,852.10,863.05,857.974036401473100351,244111,8204,209440900.00,84518,34.62,12.30,1.25
11-September-2015,873.35,876.30,857.30,861.05,863.292810191587102166,363751,7850,314023623.00,159079,43.73,19.00,-12.30
10-September-2015,860.10,870.00,856.00,866.95,863.256682765357065335,368560,7536,318161883.00,137971,37.44,14.00,6.85
9-September-2015,859.00,878.50,851.35,873.05,865.312371304648366573,410854,9521,355517049.00,159211,38.75,27.15,14.05
8-September-2015,836.00,853.20,826.00,848.95,842.164627298189179445,288488,8512,242954389.00,63595,22.04,27.20,12.95
7-September-2015,837.00,844.00,827.75,833.05,833.632119309615427889,177756,5562,148183111.00,55144,31.02,16.25,-3.95
4-September-2015,847.10,850.35,825.25,835.60,835.002571098091478287,636304,12469,531315476.00,347951,54.68,25.10,-11.50
3-September-2015,853.90,860.40,845.05,853.75,851.984223832799595482,207655,6354,176918784.00,62665,30.18,15.35,-0.15
2-September-2015,850.00,856.95,843.30,849.30,850.073697792869269949,368125,10196,312933380.00,159018,43.20,13.65,-0.70
1-September-2015,852.55,853.00,835.20,840.15,841.657222401994628698,670601,12857,564416175.00,346389,51.65,17.80,-12.40
31-August-2015,870.25,871.20,854.50,856.80,862.275492381750280448,352115,7150,303620135.00,173269,49.21,16.70,-13.45
28-August-2015,879.55,883.00,866.10,871.20,875.208477700271249629,239263,8608,209405006.00,50086,20.93,16.90,-8.35
27-August-2015,868.30,880.00,857.65,869.55,870.363021047311376661,338333,10403,294472532.00,74813,22.11,22.35,1.25
26-August-2015,847.90,874.80,841.45,853.45,860.727123957441788669,398419,10840,342930040.00,105284,26.43,33.35,5.55
25-August-2015,840.00,861.00,824.40,852.90,841.383062501836560782,680620,16540,572662140.00,200534,29.46,36.60,12.90
24-August-2015,890.00,890.00,819.00,828.95,856.280385852792810120,915064,25268,783551355.00,299159,32.69,71.00,-61.05
21-August-2015,910.00,911.80,897.35,907.30,905.011896882948695474,559054,19770,505950521.00,187345,33.51,14.45,-2.70
20-August-2015,959.90,960.00,916.25,918.85,933.152523157686257458,439271,13714,409906842.00,124581,28.36,43.75,-41.05
19-August-2015,944.90,960.45,939.65,952.70,951.559280900679253356,299152,9049,284660862.00,62549,20.91,20.80,7.80
18-August-2015,955.20,958.85,942.00,944.35,946.257791133342208866,262895,8646,248766442.00,70841,26.95,16.85,-10.85
17-August-2015,967.00,967.05,947.30,950.05,952.460764095968269251,278342,9709,265109834.00,77176,27.73,19.75,-16.95
14-August-2015,938.60,971.95,934.90,967.05,958.115116597496031883,376123,10717,360369132.00,99331,26.41,37.05,28.45
13-August-2015,948.00,954.10,931.25,934.90,942.976285996437829544,226828,7486,213893425.00,50913,22.45,22.85,-13.10
12-August-2015,966.35,966.35,940.15,943.05,952.959859180117622412,391422,9943,373009454.00,72306,18.47,26.20,-23.30
11-August-2015,976.00,976.00,958.55,966.35,966.671599576860976560,269415,8537,260435829.00,34245,12.71,17.45,-9.65
10-August-2015,985.00,989.80,966.25,970.10,977.980406608293065236,192667,6577,188424551.00,56124,29.13,23.55,-14.90
7-August-2015,981.00,994.00,975.30,984.25,987.008491702382238656,249891,6606,246644539.00,70534,28.23,18.70,3.25
6-August-2015,994.00,994.00,978.00,979.40,983.806335412023007504,239574,6978,235694419.00,66478,27.75,16.00,-14.60
5-August-2015,990.00,1000.00,984.00,987.65,993.534507942304181121,262896,6799,261196248.00,52511,19.97,16.00,-2.35
4-August-2015,1001.25,1005.45,980.15,988.10,989.502158516495121161,355105,10866,351377164.00,69031,19.44,25.30,-13.15
3-August-2015,1001.15,1013.20,998.20,1001.15,1004.492518304313049898,325060,7120,326520338.00,113499,34.92,15.00,0.00
31-July-2015,1002.00,1007.90,990.00,1001.65,999.896597796299876056,351772,9224,351735626.00,105881,30.10,17.90,-0.35
30-July-2015,1001.70,1008.00,993.05,999.30,1001.657562400371611799,299237,9014,299733004.00,146890,49.09,14.95,-2.40
29-July-2015,1012.00,1012.45,992.20,995.45,1002.408191478730137579,240152,8393,240730332.00,87597,36.48,20.25,-16.55
28-July-2015,1009.50,1016.75,1000.25,1009.95,1010.395477379167503902,323485,10939,326847781.00,77071,23.83,16.50,0.45
27-July-2015,1027.00,1035.00,1001.30,1005.80,1016.563964606137038128,437703,18669,444953097.00,108161,24.71,33.70,-21.20
24-July-2015,1046.20,1050.00,1021.60,1025.05,1035.522022523779502602,290271,9852,300582013.00,76752,26.44,28.40,-21.15
23-July-2015,1055.00,1067.00,1041.00,1045.65,1051.252636131881958962,610364,15739,641646764.00,131979,21.62,26.00,-9.35
22-July-2015,1007.30,1053.50,1005.15,1050.45,1040.639255081630577443,825916,18331,859480611.00,371198,44.94,48.35,43.15
21-July-2015,1026.70,1028.00,1002.90,1007.50,1017.540628200101261196,262687,5504,267294695.00,53540,20.38,25.10,-19.20
20-July-2015,1026.10,1029.90,1018.10,1024.75,1024.125625542624693935,307533,7852,314952426.00,134633,43.78,11.80,-1.35
17-July-2015,1023.00,1031.00,1018.00,1022.15,1026.095351229729629711,405333,9901,415910307.00,135608,33.46,13.00,-0.85
16-July-2015,1012.50,1027.50,1011.40,1023.65,1023.458693609848610620,511991,13218,524001640.00,265203,51.80,16.10,11.15
15-July-2015,1000.00,1014.00,999.00,1011.40,1009.897062442759794883,495718,8325,500624152.00,310531,62.64,15.00,11.40
14-July-2015,1008.40,1011.45,995.25,997.60,1002.444675240347982799,301854,7040,302591935.00,144304,47.81,16.20,-10.80
13-July-2015,1001.00,1012.25,995.40,1007.20,1004.543039542991091925,433427,8746,435396076.00,260331,60.06,16.85,6.20
10-July-2015,994.65,1003.75,990.40,1001.55,999.414550802106406477,327762,8844,327570112.00,140028,42.72,13.35,6.90
9-July-2015,995.35,1001.45,984.30,987.30,992.599939649372749218,404304,8910,401312126.00,52496,12.98,17.15,-8.05
8-July-2015,1000.00,1008.20,990.45,994.80,998.144821878461107797,410815,10085,410052865.00,53166,12.94,17.75,-5.20
7-July-2015,1014.00,1016.50,1000.30,1003.40,1008.110701590884610521,213529,5618,215260870.00,59959,28.08,16.20,-10.60
6-July-2015,1000.00,1018.85,996.00,1015.30,1009.125555081240689602,564557,10252,569708896.00,248445,44.01,22.85,15.30
3-July-2015,1010.90,1013.50,1003.45,1006.75,1008.299691349338136650,532965,8390,537388445.00,212197,39.81,10.05,-4.15
2-July-2015,1007.05,1019.95,1006.15,1010.30,1013.430464435839668774,585463,11220,593326040.00,263534,45.01,13.80,3.25
1-July-2015,1002.40,1010.65,1002.00,1005.75,1006.515269776106530513,463792,12123,466813730.00,237515,51.21,8.65,3.35
30-June-2015,990.00,1003.50,988.00,1000.45,995.066739254568637523,488603,10383,486192594.00,203123,41.57,15.50,10.45
29-June-2015,985.00,993.60,972.60,990.75,983.444610608377269518,536953,13021,528063534.00,120803,22.50,21.00,5.75
26-June-2015,1002.25,1013.80,995.50,999.55,1003.052459313330374851,552085,14909,553770217.00,106372,19.27,18.30,-2.70
25-June-2015,990.50,1009.05,985.15,1004.65,1000.653676090035920361,778667,16734,779175996.00,356179,45.74,23.90,14.15
24-June-2015,995.25,1006.55,986.00,990.75,998.828534108765586809,659933,12859,659159911.00,298888,45.29,20.55,-4.50
23-June-2015,992.75,1002.40,990.75,994.75,995.651782305642688748,508162,10433,505952401.00,226877,44.65,11.65,2.00
22-June-2015,996.90,1008.70,986.65,991.35,993.347910067812366291,649734,19494,645411911.00,266392,41.00,22.05,-5.55
19-June-2015,983.00,1006.00,983.00,996.50,994.688255090790303895,1072967,29040,1067267673.00,333585,31.09,23.00,13.50
18-June-2015,934.40,982.00,933.00,979.05,965.188054877218885367,1403351,39234,1354497622.00,379399,27.04,49.00,44.65
17-June-2015,905.00,940.40,894.40,931.10,921.984772991690387613,869836,22298,801975547.00,215812,24.81,46.00,26.10
16-June-2015,899.90,905.90,892.50,903.95,898.553746365466338626,312970,7576,281220366.00,87648,28.01,13.40,4.05
15-June-2015,893.70,904.60,890.00,901.00,900.123040619610741561,259776,6435,233830363.00,47831,18.41,14.60,7.30
12-June-2015,879.30,892.50,878.85,889.15,887.881021028431567576,397129,13400,352603302.00,81601,20.55,13.65,9.85
11-June-2015,906.90,908.95,874.00,877.20,886.670368076659033408,416598,10919,369385102.00,125882,30.22,34.95,-29.70
10-June-2015,885.00,909.90,885.00,905.90,903.059412411560885532,289182,11025,261148527.00,80968,28.00,24.90,20.90
9-June-2015,885.25,890.50,878.00,883.90,884.086633008185873241,204010,6345,180362514.00,37671,18.47,12.50,-1.35
8-June-2015,908.80,910.65,883.65,885.25,894.573375629368694786,216884,8307,194018652.00,57962,26.72,27.00,-23.55
5-June-2015,910.00,916.65,904.00,906.05,909.964486410030964486,287749,8948,261841371.00,45580,15.84,12.65,-3.95
4-June-2015,903.10,915.90,895.05,912.50,905.907481517092628925,461778,16188,418328145.00,154890,33.54,20.85,9.40
3-June-2015,899.00,910.35,889.00,895.90,898.187091780068882731,445685,12197,400308514.00,144930,32.52,21.35,-3.10
2-June-2015,904.15,918.50,891.15,898.70,904.730391199402207317,558053,15121,504887509.00,156183,27.99,27.35,-5.45
1-June-2015,877.00,904.00,877.00,901.35,898.708342545508143562,271380,8619,243891470.00,82605,30.44,27.00,24.35
29-May-2015,879.50,886.50,874.00,877.15,880.101357287605171352,623744,9243,548957941.00,355763,57.04,12.50,-2.35
28-May-2015,886.90,894.00,873.40,876.75,885.459423422352256754,235493,6928,208519496.00,37279,15.83,20.60,-10.15
27-May-2015,884.10,890.80,880.75,886.95,886.084148364900897462,188643,5579,167153572.00,50982,27.03,10.05,2.85
26-May-2015,895.50,896.50,883.20,884.65,889.837369883599665761,154381,4315,137373983.00,35477,22.98,13.30,-10.85
25-May-2015,901.35,907.60,892.20,894.20,898.924675706001405186,190722,5431,171444712.00,41287,21.65,15.40,-7.15
22-May-2015,897.20,904.80,897.00,902.65,901.288822451232588726,189317,5603,170629296.00,43646,23.05,7.80,5.45
21-May-2015,910.25,915.50,894.00,896.90,899.101271511383407683,485092,7598,436146834.00,239371,49.35,21.50,-13.35
20-May-2015,900.00,909.50,898.90,907.40,904.433735179174670464,301940,8537,273084722.00,81826,27.10,10.60,7.40
19-May-2015,892.00,904.95,887.10,895.50,896.012077621114064197,399582,10684,358030298.00,115437,28.89,17.85,3.50
18-May-2015,876.20,892.10,873.00,890.50,884.984509368198353145,262804,8401,232577469.00,74204,28.24,19.10,14.30
15-May-2015,881.30,886.40,871.20,873.95,877.145531268123912565,200012,5196,175439632.00,46705,23.35,15.20,-7.35
14-May-2015,882.25,886.00,871.00,878.50,877.963650855906577765,316156,8117,277573476.00,49125,15.54,15.00,-3.75
13-May-2015,875.00,889.00,857.90,884.80,873.552861865115832498,437442,12081,382128711.00,57404,13.12,31.10,9.80
12-May-2015,895.00,895.00,865.25,868.35,874.188033157578875171,373248,10845,326288935.00,73080,19.58,29.75,-26.65
11-May-2015,892.00,898.95,883.20,895.75,892.077993208754611843,367532,9269,327867209.00,145842,39.68,15.75,3.75
8-May-2015,871.00,893.40,863.60,889.90,881.986339535016822628,489222,21074,431487121.00,148749,30.41,29.80,18.90
7-May-2015,877.30,879.00,860.00,869.40,867.555875273597578022,439971,21683,381699426.00,98047,22.28,19.00,-7.90
6-May-2015,891.05,896.40,872.00,879.25,881.545110481160943924,532670,27282,469572634.00,173629,32.60,24.40,-11.80
5-May-2015,893.00,901.75,885.00,890.90,893.348209485191988888,357104,19822,319018219.00,106680,29.87,16.75,-2.10
4-May-2015,867.00,893.25,861.20,890.45,878.153872640136161064,357224,17933,313697639.00,117352,32.85,32.05,23.45
30-April-2015,851.70,865.90,848.50,862.85,857.662245072117903864,333967,21374,286430887.00,83918,25.13,17.40,11.15
29-April-2015,863.40,870.95,848.30,851.25,859.410983715251386710,309185,18846,265716985.00,86536,27.99,22.65,-12.15
28-April-2015,875.00,881.75,860.00,865.00,871.314608790807951851,477021,17242,415635366.00,248765,52.15,21.75,-10.00
27-April-2015,881.00,887.50,871.00,874.55,879.553657771568000456,245491,14993,215922507.00,57989,23.62,16.50,-6.45
24-April-2015,876.85,883.95,868.40,879.40,877.520961689302882659,307251,16802,269619193.00,85699,27.89,15.55,2.55
23-April-2015,884.65,889.90,869.25,877.00,878.623184158747435843,310531,18261,272839736.00,77440,24.94,20.65,-7.65
22-April-2015,880.60,886.60,867.60,879.90,877.585603099975533469,302454,16632,265429276.00,65213,21.56,19.00,-0.70
21-April-2015,888.00,895.05,872.45,875.90,885.445817622415784385,425129,21128,376428695.00,123195,28.98,22.60,-12.10
20-April-2015,936.55,937.95,878.75,885.55,902.958202332994202555,827606,44115,747293626.00,240867,29.10,59.20,-51.00
17-April-2015,935.40,943.80,923.15,926.85,934.424999026803981020,462394,24343,432072513.00,112780,24.39,20.65,-8.55
16-April-2015,926.15,937.60,919.00,927.45,928.211405482712752657,499935,21865,464045369.00,168575,33.72,18.60,1.30
15-April-2015,920.90,939.40,907.60,923.75,923.005622166286080271,513681,28895,474130451.00,93179,18.14,31.80,2.85
13-April-2015,908.40,925.00,898.60,922.40,914.249387205272379263,469162,35204,428931071.00,149769,31.92,26.40,14.00
10-April-2015,895.00,906.70,889.00,903.65,899.475847373533743484,478685,22999,430565596.00,126532,26.43,17.70,8.65
9-April-2015,866.10,898.90,860.00,894.95,873.712256415203550067,1119528,30292,978145335.00,668101,59.68,38.90,28.85
8-April-2015,836.00,869.15,833.00,865.50,855.237842634800779348,651313,30326,557027525.00,275189,42.25,36.15,29.50
7-April-2015,825.10,835.90,825.10,832.80,831.525293718977830534,255261,14472,212255978.00,87882,34.43,10.80,7.70
6-April-2015,835.30,837.95,821.45,824.00,825.974094514721819986,219606,12073,181388867.00,90668,41.29,16.50,-11.30
1-April-2015,824.95,838.00,814.00,834.55,825.338157491333024126,254414,15179,209977582.00,54715,21.51,24.00,9.60
31-March-2015,816.10,832.05,816.10,824.70,826.469753331533220032,314795,15847,260168546.00,88056,27.97,15.95,8.60
30-March-2015,816.00,818.00,796.75,810.35,806.902536366696787682,451512,24134,364326178.00,131506,29.13,21.25,-5.65
27-March-2015,832.60,835.15,801.50,811.75,814.398391619095976434,535694,32094,436268332.00,192466,35.93,33.65,-20.85
26-March-2015,841.35,848.75,824.55,830.60,838.499393692309300550,382644,14318,320846762.00,202663,52.96,24.20,-10.75
25-March-2015,850.50,850.50,840.15,844.70,843.609336757264729056,382017,12093,322273108.00,274261,71.79,10.35,-5.80
24-March-2015,842.45,854.45,842.05,848.80,848.164028347597493274,438979,18032,372326197.00,212275,48.36,12.40,6.35
23-March-2015,856.35,863.45,838.10,842.25,846.663008149684139460,311055,16913,263358762.00,141239,45.41,25.35,-14.10
20-March-2015,856.10,861.00,848.85,854.30,855.101303253778308486,195127,10758,166853352.00,55159,28.27,12.15,-1.80
19-March-2015,875.00,876.00,852.10,856.25,865.994103468040168651,254726,13145,220591214.00,68712,26.97,23.90,-18.75
18-March-2015,858.00,872.90,855.00,868.75,862.826084432734695720,310093,15046,267556329.00,78736,25.39,17.90,10.75
17-March-2015,848.15,859.80,841.00,856.85,849.655804383682769644,588090,21757,499674082.00,284290,48.34,18.80,8.70
16-March-2015,854.00,854.00,841.00,842.05,843.093658376813533773,567883,19700,478778556.00,356276,62.74,13.00,-11.95
13-March-2015,869.00,869.95,847.00,850.15,855.388116484539269203,294391,14724,251818563.00,86760,29.47,22.95,-18.85
12-March-2015,860.00,866.20,855.55,863.75,860.460659229905857021,218285,10224,187825655.00,59403,27.21,10.65,3.75
11-March-2015,860.00,869.50,853.20,855.85,861.670183261506779928,240858,13955,207540157.00,62774,26.06,16.30,-4.15
10-March-2015,870.00,874.90,855.40,859.10,862.659570856826675990,589174,24051,508256590.00,276885,47.00,19.50,-10.90
9-March-2015,884.00,891.80,864.20,868.65,879.199288767676362554,299199,14033,263055548.00,73618,24.61,27.60,-15.35
5-March-2015,891.00,898.40,879.50,884.40,887.061909963966020446,306655,14198,272021970.00,53155,17.33,18.90,-6.60
4-March-2015,905.00,909.00,880.40,886.95,895.802262768404508883,384308,17540,344263976.00,85871,22.34,28.60,-18.05
3-March-2015,870.00,906.50,867.40,901.65,892.418823838574500490,707794,36015,631648689.00,172087,24.31,39.10,31.65
2-March-2015,869.85,875.60,856.15,863.70,862.411070689817715987,360646,14305,311025103.00,91735,25.44,19.45,-6.15
28-February-2015,861.80,868.40,847.00,866.25,859.978758700559887631,511174,22193,439598782.00,81977,16.04,21.40,4.45
27-February-2015,846.15,860.50,844.60,855.65,851.093551800760709651,426181,16233,362719901.00,169209,39.70,15.90,9.50
26-February-2015,846.05,850.00,837.10,842.25,841.560802794361355410,632989,23478,532698731.00,322765,50.99,12.90,-3.80
25-February-2015,847.00,856.40,841.60,843.55,847.172980604912758649,643101,23261,544817791.00,354296,55.09,14.80,-3.45
24-February-2015,853.00,857.20,837.10,841.75,843.536415306003345999,616856,28760,520340499.00,227090,36.81,20.10,-11.25
23-February-2015,869.80,876.40,846.65,851.15,861.703906741568800322,530826,22462,457414838.00,212155,39.97,29.75,-18.65
20-February-2015,897.00,897.00,872.00,873.25,877.759025161055062598,575890,26404,505492645.00,171169,29.72,25.00,-23.75
19-February-2015,905.00,907.15,887.55,901.35,896.093485400083643568,291714,15402,261403015.00,86195,29.55,19.60,-3.65
18-February-2015,900.00,908.00,895.05,901.45,901.549867558111534484,211791,11545,190940148.00,55092,26.01,12.95,1.45
16-February-2015,920.00,923.95,900.05,902.65,910.514545143924771635,275109,14078,250490746.00,116050,42.18,23.90,-17.35
13-February-2015,915.00,920.00,909.65,917.20,915.899536082288708696,277851,12272,254483602.00,60741,21.86,10.35,2.20
12-February-2015,906.35,915.00,887.30,910.45,900.790710216097554785,315228,14910,283954454.00,84618,26.84,27.70,4.10
11-February-2015,885.00,904.20,883.65,900.95,894.917108300179184256,263416,12685,235735485.00,39842,15.13,20.55,15.95
10-February-2015,892.00,905.00,862.40,882.70,887.432407928982891258,486418,20611,431663097.00,90298,18.56,42.60,-9.30
9-February-2015,903.00,915.70,891.95,897.30,905.709059880972346240,441242,19104,399636877.00,137197,31.09,23.75,-5.70
6-February-2015,925.70,930.15,904.00,910.45,917.111185024854875328,302154,16341,277108813.00,76167,25.21,26.15,-15.25
5-February-2015,932.50,938.60,918.15,922.35,928.876915685803507086,333040,15156,309353168.00,69392,20.84,20.45,-10.15
4-February-2015,939.40,943.10,925.70,928.70,936.251579585052268995,399472,17033,374006291.00,116360,29.13,17.40,-10.70
3-February-2015,912.50,940.20,911.30,937.45,929.534755663594938580,432764,21279,402269179.00,110600,25.56,28.90,24.95
2-February-2015,915.15,919.35,906.00,907.90,913.806584323197721320,845402,10538,772533914.00,608508,71.98,13.35,-7.25
30-January-2015,930.05,932.00,910.00,915.35,918.926268213986193106,242053,11875,222428860.00,51537,21.29,22.00,-14.70
29-January-2015,906.00,934.25,902.00,927.90,925.690824242049633773,550069,29739,509193826.00,156669,28.48,32.25,21.90
28-January-2015,885.10,909.75,885.00,905.85,896.783527012022648600,398082,19173,356993380.00,149781,37.63,24.75,20.75
27-January-2015,890.20,896.90,880.90,888.75,888.779595022065215278,360069,17768,320021980.00,171247,47.56,16.00,-1.45
23-January-2015,890.00,896.90,877.45,886.95,887.543460567076419170,405448,17925,359852721.00,138150,34.07,19.45,-3.05
22-January-2015,905.20,906.95,879.35,884.10,888.948593580195802616,425122,16826,377911604.00,236903,55.73,27.60,-21.10
21-January-2015,904.00,909.20,892.30,904.65,902.922351798675585396,358347,20303,323559516.00,92453,25.80,16.90,0.65
20-January-2015,882.80,903.75,878.60,901.15,893.910622110140875525,397727,20319,355532390.00,102967,25.89,25.15,18.35
19-January-2015,870.00,885.75,859.05,879.85,876.950082742984220196,460462,20417,403802189.00,115616,25.11,26.70,9.85
16-January-2015,861.00,874.05,852.15,869.00,866.335179668826786158,394114,18515,341434823.00,118030,29.95,21.90,8.00
15-January-2015,841.25,870.20,841.10,864.60,857.321925239862552531,574183,22637,492259675.00,235278,40.98,29.10,23.35
14-January-2015,843.10,846.90,831.10,835.05,835.200744788794694425,669183,17722,558902140.00,407411,60.88,15.80,-8.05
13-January-2015,852.75,854.45,840.65,843.05,844.716737011237955151,426946,12635,360648432.00,201483,47.19,13.80,-9.70
12-January-2015,862.50,863.00,842.35,850.55,846.929591577072332845,503008,16807,426012360.00,256599,51.01,20.65,-11.95
9-January-2015,846.15,862.50,845.10,860.45,852.014713974359225411,510671,20043,435099206.00,259031,50.72,17.40,14.30
8-January-2015,859.85,862.95,841.70,842.85,845.689404853557335853,787134,24450,665670884.00,473301,60.13,21.25,-17.00
7-January-2015,838.70,858.80,837.20,855.40,850.732167573772378555,660342,26226,561774181.00,332860,50.41,21.60,16.70
6-January-2015,872.00,872.00,832.10,836.10,848.367163135545435719,975422,39864,827515995.00,469959,48.18,39.90,-35.90
5-January-2015,885.55,890.90,875.30,877.10,882.759665802888183267,328788,19270,290240785.00,124228,37.78,15.60,-8.45
2-January-2015,888.80,896.00,884.00,885.60,889.875522840109647861,260835,9740,232110682.00,118820,45.55,12.00,-3.20
1-January-2015,885.50,892.15,884.20,888.05,887.917958243308787865,181432,7338,161096731.00,97186,53.57,7.95,2.55
31-December-2014,880.25,893.80,879.55,891.15,888.858161447947269876,328465,8506,291958796.00,201017,61.20,14.25,10.90
30-December-2014,898.40,898.50,877.65,880.60,881.949292297339692730,439874,14392,387946563.00,242588,55.15,20.85,-17.80
29-December-2014,888.50,900.50,886.60,897.00,895.858407386321443600,403990,12344,361917838.00,232801,57.63,13.90,8.50
26-December-2014,887.80,892.70,880.25,889.00,885.658579547072487114,245823,10623,217715249.00,83804,34.09,12.45,1.20
24-December-2014,895.00,896.60,881.65,886.80,889.565466816313042753,671806,15282,597615418.00,402381,59.90,14.95,-8.20
23-December-2014,903.40,903.95,892.05,893.90,896.610461810371990771,276109,12684,247562218.00,166573,60.33,11.90,-9.50
22-December-2014,903.20,906.45,891.05,904.50,897.916533615107829948,214829,10477,192898511.00,85132,39.63,15.40,1.30
19-December-2014,886.80,908.60,882.40,900.15,899.437653346340396813,475639,19452,427807626.00,198022,41.63,26.20,13.35
18-December-2014,880.00,885.25,865.25,880.25,877.597631896054906480,534436,19207,469019768.00,246878,46.19,20.00,0.25
17-December-2014,866.80,874.95,864.55,869.95,870.624741397751434605,696533,22878,606418863.00,296354,42.55,10.40,3.15
16-December-2014,875.50,883.00,859.95,864.10,871.577307671514299616,924850,24025,806078273.00,520664,56.30,23.05,-11.40
15-December-2014,876.20,880.90,872.40,878.45,877.244632384687342591,444704,15905,390114197.00,186126,41.85,8.50,2.25
12-December-2014,908.00,911.45,880.85,883.55,892.205025416748026985,773309,27536,689950176.00,383622,49.61,30.60,-24.45
11-December-2014,930.00,930.00,903.20,906.30,914.396400858789917671,591530,34120,540892903.00,224886,38.02,26.80,-23.70
10-December-2014,932.00,940.90,930.00,932.05,934.697880945722091947,232415,12554,217237808.00,84068,36.17,10.90,0.05
9-December-2014,942.40,950.05,931.40,939.30,940.773220338983050847,274350,16099,258101133.00,90402,32.95,18.65,-3.10
8-December-2014,962.30,962.90,942.60,945.05,952.758983558042836712,241942,12601,230512414.00,81836,33.82,20.30,-17.25
5-December-2014,961.00,966.80,955.50,957.70,960.916135437349775316,267932,12724,257460182.00,82709,30.87,11.30,-3.30
4-December-2014,968.35,974.35,956.10,958.55,964.073149299262565592,200289,11404,193093247.00,71832,35.86,18.25,-9.80
3-December-2014,960.90,973.60,960.90,966.20,967.373806218622467617,287427,12605,278049351.00,111788,38.89,12.70,5.30
2-December-2014,964.40,970.90,958.35,962.50,963.359086556169429097,271500,13751,261551992.00,63991,23.57,12.55,-1.90
1-December-2014,989.40,991.70,959.20,961.75,970.794467904461871885,358056,17607,347598784.00,124755,34.84,32.50,-27.65
28-November-2014,989.25,1016.20,983.55,990.85,1001.472311208145442673,686126,29132,687136191.00,235805,34.37,32.65,1.60
27-November-2014,990.00,992.95,983.25,987.15,987.841662543295398317,121260,6823,119785680.00,37225,30.70,9.70,-2.85
26-November-2014,993.00,993.00,982.50,987.35,987.345602848803873131,231957,9631,229021724.00,86586,37.33,10.50,-5.65
25-November-2014,985.00,994.90,974.00,992.35,983.876747280116943418,411139,16287,404510102.00,169795,41.30,20.90,7.35
24-November-2014,1000.00,1003.15,982.00,984.60,986.842341199708909450,240475,10659,237310912.00,96659,40.20,21.15,-15.40
21-November-2014,980.90,999.90,980.00,997.45,993.335774106032973115,330633,17236,328429587.00,134545,40.69,19.90,16.55
20-November-2014,977.80,982.90,970.20,980.40,976.269657240846889069,146371,8947,142897566.00,46748,31.94,12.70,2.60
19-November-2014,987.75,991.80,976.25,977.80,982.502322659697395053,128947,8710,126690727.00,39649,30.75,15.55,-9.95
18-November-2014,986.35,997.50,985.50,987.75,991.711311034355756576,222641,12828,220795598.00,80709,36.25,12.00,1.40
17-November-2014,969.00,985.00,966.95,983.35,977.264783200346384610,194004,11171,189593277.00,60469,31.17,18.05,14.35
14-November-2014,970.05,977.50,965.00,969.15,971.307712325632523768,222877,11137,216482149.00,86662,38.88,12.50,-0.90
13-November-2014,975.70,979.80,964.15,968.75,971.166870692335851180,254053,10764,246727857.00,72665,28.60,15.65,-6.95
12-November-2014,982.00,984.00,970.00,973.90,975.171495013992353474,202968,11121,197928608.00,50762,25.01,14.00,-8.10
11-November-2014,972.40,987.20,967.00,977.75,977.672922252010723860,250283,13785,244694912.00,70031,27.98,20.20,5.35
10-November-2014,982.35,989.10,968.10,969.50,976.678397481989987654,221127,11487,215969964.00,86121,38.95,21.00,-12.85
7-November-2014,991.00,995.50,978.50,980.90,983.928060311161348850,206131,12985,202818075.00,73248,35.53,17.00,-10.10
5-November-2014,1001.20,1008.00,988.00,991.35,998.064167968671322232,347541,18759,346868219.00,114599,32.97,20.00,-9.85
3-November-2014,1002.00,1008.50,990.55,1001.20,1001.338162737379971029,312737,14272,313155493.00,101758,32.54,17.95,-0.80
31-October-2014,982.00,1002.70,981.90,999.20,994.613690602194863795,448775,22382,446357759.00,169330,37.73,20.80,17.20
30-October-2014,948.40,981.45,948.30,979.30,968.471317286618215723,516949,21801,500650279.00,253736,49.08,33.15,30.90
29-October-2014,938.00,952.40,934.00,951.30,946.507565239899287008,339976,11635,321789856.00,167882,49.38,18.40,13.30
28-October-2014,944.00,944.00,927.00,934.05,932.419100387064552378,320360,16344,298709783.00,137741,43.00,17.00,-9.95
27-October-2014,959.20,960.90,937.65,941.70,944.349309690135617997,441903,12565,417310793.00,281477,63.70,23.25,-17.50
23-October-2014,949.00,954.50,949.00,952.95,952.109079526413669925,108618,6942,103416184.00,46655,42.95,5.50,3.95
22-October-2014,936.70,950.90,933.65,945.95,945.282102488585856548,297438,14942,281162818.00,92436,31.08,17.25,9.25
21-October-2014,936.10,937.00,927.10,929.15,930.522383639575500824,675337,20080,628416195.00,396279,58.68,9.90,-6.95
20-October-2014,937.55,941.80,912.75,934.50,932.750065111148560660,652730,30242,608833950.00,251528,38.53,29.05,-3.05
17-October-2014,935.00,941.00,925.60,938.15,935.125364404899060982,328961,16278,307619775.00,125046,38.01,15.40,3.15
16-October-2014,954.60,956.80,928.45,932.35,943.017939015651265428,746585,28978,704043048.00,373045,49.97,28.35,-22.25
14-October-2014,979.80,980.00,959.15,961.10,967.073367837121249180,408844,24590,395382144.00,93216,22.80,20.85,-18.70
13-October-2014,961.00,964.00,948.80,957.85,956.996197729881996472,337956,18317,323422607.00,96614,28.59,15.20,-3.15
10-October-2014,948.90,968.35,936.95,960.30,953.553618164932786746,426404,17894,406599077.00,133228,31.24,31.40,11.40
9-October-2014,940.40,957.20,940.00,954.65,951.135138993512016134,329224,16857,313136515.00,173538,52.71,17.20,14.25
8-October-2014,923.60,942.00,922.10,937.15,936.042978994124572872,347379,14753,325161674.00,129940,37.41,19.90,13.55
7-October-2014,928.90,934.90,923.70,926.65,928.662010740387880306,303341,12245,281701263.00,161663,53.29,11.20,-2.25
1-October-2014,944.80,945.10,925.75,926.80,932.984723022470985266,242980,15022,226696628.00,65940,27.14,19.35,-18.00
30-September-2014,930.00,948.25,925.20,945.35,937.334423286391444550,464546,18244,435434957.00,87189,18.77,23.05,15.35
29-September-2014,938.40,942.60,929.75,932.75,936.609624663383462400,340521,19085,318935246.00,104180,30.59,12.85,-5.65
26-September-2014,929.50,941.40,918.10,933.60,929.753600861171404874,566670,28079,526863473.00,180862,31.92,23.30,4.10
25-September-2014,965.40,970.00,923.00,929.40,940.861778049697086328,550817,27285,518242662.00,216092,39.23,47.00,-36.00
24-September-2014,974.00,974.00,956.25,964.90,967.179565173902226964,389903,20775,377106214.00,125690,32.24,17.75,-9.10
23-September-2014,991.70,994.95,963.00,966.10,977.017527872082089964,379681,21325,370954992.00,174732,46.02,31.95,-25.60
22-September-2014,994.00,996.00,987.85,991.10,992.037452291109792182,230827,10644,228989029.00,124575,53.97,8.15,-2.90
19-September-2014,1005.75,1015.25,991.00,994.60,1002.088641861784181193,232723,12531,233209075.00,65507,28.15,24.25,-11.15
18-September-2014,987.00,1009.00,983.20,1004.50,1000.913071483991860516,204927,10908,205114113.00,67460,32.92,25.80,17.50
17-September-2014,985.70,990.00,980.00,988.00,985.612793624161073825,143040,11686,140982054.00,38023,26.58,10.00,2.30
16-September-2014,1002.40,1004.50,978.00,980.45,989.994027903241995382,338742,16118,335352557.00,153549,45.33,26.50,-21.95
15-September-2014,1009.90,1011.15,1001.00,1002.85,1005.530726896119848743,166076,11096,166994521.00,89462,53.87,10.15,-7.05
12-September-2014,1018.00,1024.10,1012.00,1015.70,1016.086499783737024221,184960,9642,187935359.00,61880,33.46,12.10,-2.30
11-September-2014,1020.50,1022.20,1008.00,1018.75,1017.137788091554603514,151254,13859,153846159.00,52784,34.90,14.20,-1.75
10-September-2014,1030.00,1030.00,1013.10,1016.00,1020.168362556776370879,157636,9556,160815260.00,59146,37.52,16.90,-14.00
9-September-2014,1035.80,1049.90,1028.50,1033.30,1035.004220421082921682,187659,11945,194227857.00,54294,28.93,21.40,-2.50
8-September-2014,1030.55,1039.00,999.00,1037.45,1029.874033409191102002,335716,14908,345745191.00,106533,31.73,40.00,6.90
5-September-2014,1023.35,1033.35,1020.80,1025.20,1025.983198011256453855,193489,11998,198516463.00,63915,33.03,12.55,1.85
4-September-2014,1029.40,1033.55,1018.05,1024.10,1024.939268943111066757,180369,10738,184867271.00,47139,26.13,15.50,-5.30
3-September-2014,1027.00,1034.90,1021.00,1030.95,1029.231046054154130988,345680,18705,355784588.00,100781,29.15,13.90,3.95
2-September-2014,1016.35,1031.50,1011.15,1023.90,1021.122175457352908027,310537,19369,317096217.00,110696,35.65,20.35,7.55
1-September-2014,1003.15,1020.60,996.30,1014.15,1011.248666235493810598,354073,19155,358055849.00,130113,36.75,24.30,11.00
28-August-2014,995.00,1002.95,994.50,999.25,999.417591884099097501,197341,10236,197226067.00,80542,40.81,8.45,4.25
27-August-2014,998.80,1002.00,988.00,994.35,992.838536726402126332,197147,10978,195735139.00,69836,35.42,14.00,-4.45
26-August-2014,996.00,997.20,984.25,994.05,989.582812587773995303,445035,15698,440398987.00,228214,51.28,12.95,-1.95
25-August-2014,1000.00,1008.60,994.00,996.35,1002.059949417854708702,177533,10984,177898709.00,61162,34.45,14.60,-3.65
22-August-2014,998.65,1006.80,995.40,998.00,1000.537341123695068257,144452,10156,144529620.00,53695,37.17,11.40,-0.65
21-August-2014,1000.00,1003.75,991.00,994.85,997.245113346404341384,250427,15028,249737102.00,89669,35.81,12.75,-5.15
20-August-2014,1011.35,1018.40,995.15,998.20,1006.265462337976377591,479714,13975,482719630.00,341856,71.26,23.25,-13.15
19-August-2014,1016.40,1023.25,1006.25,1008.70,1012.944066441496565340,183861,12408,186240909.00,62233,33.85,17.00,-7.70
18-August-2014,1000.00,1015.00,998.10,1013.25,1009.921894759993401880,181870,11311,183674495.00,62414,34.32,16.90,13.25
14-August-2014,992.35,1004.30,992.00,1001.90,997.881347207738900845,225355,14882,224877551.00,76994,34.17,12.30,9.55
13-August-2014,983.95,996.50,980.85,990.00,987.471020850903122666,352167,14481,347754707.00,182854,51.92,15.65,6.05
12-August-2014,983.00,986.00,976.20,984.50,981.460460904321758680,160120,9602,157151449.00,63716,39.79,9.80,1.50
11-August-2014,984.00,987.45,978.55,980.65,981.596011223022542795,299741,9377,294224570.00,172932,57.69,8.90,-3.35
8-August-2014,980.60,983.70,973.10,980.40,978.429490023940417323,376351,15810,368232917.00,202787,53.88,10.60,-0.20
7-August-2014,989.00,996.50,984.00,989.35,989.266489104398454392,343166,13000,339482624.00,173497,50.56,12.50,0.35
6-August-2014,985.20,997.85,980.00,987.75,989.583988657240425993,281413,16708,278481799.00,73316,26.05,17.85,2.55
5-August-2014,986.00,987.20,971.60,983.60,979.306699893493700829,339886,19855,332852637.00,146113,42.99,15.60,-2.40
4-August-2014,981.60,989.40,976.85,985.20,982.752988364593732606,226378,15005,222473656.00,64526,28.50,12.55,3.60
1-August-2014,998.40,999.30,977.00,978.45,987.502680027965509205,411936,26560,406787904.00,150635,36.57,22.30,-19.95
31-July-2014,1009.00,1019.30,1002.60,1006.00,1011.306532772119448486,230928,13731,233538995.00,85303,36.94,16.70,-3.00
30-July-2014,1006.20,1011.00,993.00,1005.50,1002.500011497248325234,260932,15482,261584333.00,96165,36.85,18.00,-0.70
28-July-2014,1023.80,1023.80,1002.25,1005.30,1007.874695911947193673,252394,13159,254381526.00,131288,52.02,21.55,-18.50
25-July-2014,1040.00,1041.85,1008.00,1021.75,1022.379788630904723779,312250,21377,319238089.00,83836,26.85,33.85,-18.25
24-July-2014,1030.00,1042.50,1024.00,1040.75,1035.263467580504073936,305233,18798,315996574.00,115824,37.95,18.50,10.75
23-July-2014,1035.35,1039.15,1020.25,1033.05,1031.090931083679672476,322420,24440,332444338.00,101011,31.33,18.90,-2.30
22-July-2014,1004.80,1034.00,1001.05,1030.80,1023.669790328649462198,616584,35668,631178414.00,232907,37.77,32.95,26.00
21-July-2014,1000.00,1007.75,995.00,997.35,1001.539927113736743430,427241,24584,427898920.00,154351,36.13,12.75,-2.65
18-July-2014,982.00,984.00,970.20,976.70,977.883340000333350000,239988,13600,234680267.00,82508,34.38,13.80,-5.30
17-July-2014,989.00,997.50,980.20,982.35,986.152365618463194257,230426,16201,227235145.00,85692,37.19,17.30,-6.65
16-July-2014,975.40,991.50,975.00,989.05,984.744759322780302691,290659,17515,286224927.00,75814,26.08,16.50,13.65
15-July-2014,967.60,979.90,963.00,972.20,970.791810768386528669,313436,18163,304281102.00,96559,30.81,16.90,4.60
14-July-2014,970.00,975.70,959.00,961.85,968.010452480353634577,325760,22977,315339085.00,119591,36.71,16.70,-8.15
11-July-2014,997.60,1001.45,963.85,967.00,977.258172356438252392,607230,37554,593420480.00,277522,45.70,37.60,-30.60
10-July-2014,1000.00,1020.75,982.00,998.20,1001.331334480216269353,569660,35725,570418408.00,97862,17.18,38.75,-1.80
9-July-2014,999.50,1009.40,993.05,1000.05,1001.240313603767526490,373720,20509,374183530.00,139785,37.40,16.35,0.55
8-July-2014,1027.00,1034.45,991.00,995.15,1011.089559087378240336,581884,28369,588336837.00,289996,49.84,43.45,-31.85
7-July-2014,1034.90,1037.00,1020.55,1026.40,1026.745772383703867950,306674,18619,314876233.00,108807,35.48,16.45,-8.50
4-July-2014,1008.80,1036.80,1004.15,1031.95,1020.253584405820967655,391069,22449,398989549.00,119664,30.60,32.65,23.15
3-July-2014,1019.00,1023.00,977.00,1007.10,1007.692511573973164075,114697,6911,115579308.00,48717,42.47,46.00,-11.90
2-July-2014,1018.00,1026.40,1011.90,1018.20,1018.789337504463357830,375278,19276,382329225.00,139560,37.19,14.50,0.20
1-July-2014,1016.00,1021.00,1006.10,1008.00,1011.649312779920042660,324423,17256,328202305.00,111296,34.31,14.90,-8.00
30-June-2014,1013.20,1019.40,1000.10,1014.70,1011.148960802690335740,489753,30707,495213237.00,121416,24.79,19.30,1.50
27-June-2014,1010.70,1023.00,1007.65,1013.05,1014.034849320947913792,260952,16682,264614422.00,64128,24.57,15.35,2.35
26-June-2014,1026.00,1026.80,1008.10,1011.95,1017.993295749393868997,611254,40065,622252474.00,223989,36.64,18.70,-14.05
25-June-2014,1058.60,1060.00,1048.60,1050.80,1052.843911868725699097,227615,13849,239643067.00,86215,37.88,11.40,-7.80
24-June-2014,1046.00,1062.70,1046.00,1059.65,1055.526896573879242494,311285,23021,328569690.00,91407,29.36,16.70,13.65
23-June-2014,1030.15,1045.10,1024.40,1038.70,1033.711613225338548506,422613,23431,436859966.00,138149,32.69,20.70,8.55
20-June-2014,1046.00,1049.70,1035.20,1037.85,1041.997749164937061141,319437,20951,332852635.00,81672,25.57,14.50,-8.15
19-June-2014,1071.25,1076.00,1031.85,1041.40,1048.387943841925419699,700024,45124,733896722.00,216143,30.88,44.15,-29.85
18-June-2014,1095.00,1101.95,1061.55,1066.80,1083.505351181983876142,732455,49484,793618912.00,204233,27.88,40.40,-28.20
17-June-2014,1059.70,1094.65,1058.00,1089.90,1073.775525177307955034,355737,24063,381981684.00,99604,28.00,36.65,30.20
16-June-2014,1082.10,1085.00,1059.00,1064.50,1067.014338776277492918,308534,21552,329210202.00,93969,30.46,26.00,-17.60
13-June-2014,1101.50,1106.95,1072.40,1081.95,1087.309360596061177456,305472,18862,332142565.00,106307,34.80,34.55,-19.55
12-June-2014,1099.60,1112.95,1086.05,1094.60,1100.199990971846049140,287988,18657,316844395.00,79005,27.43,26.90,-5.00
11-June-2014,1115.60,1119.00,1093.25,1101.55,1104.181968759411099557,351978,19808,388647761.00,117540,33.39,25.75,-14.05
10-June-2014,1126.65,1128.15,1101.00,1117.85,1112.585534762606842518,304537,18158,338823461.00,105132,34.52,27.15,-8.80
9-June-2014,1129.15,1132.10,1113.10,1122.60,1120.358684811718930764,376007,19273,421262708.00,117383,31.22,19.00,-6.55
6-June-2014,1110.00,1132.80,1105.00,1119.85,1118.800708652417419133,743665,37903,832012929.00,218724,29.41,27.80,9.85
5-June-2014,1080.85,1094.70,1064.15,1087.60,1079.107227993545650870,410266,23198,442721006.00,123782,30.17,30.55,6.75
4-June-2014,1096.00,1101.50,1075.80,1077.90,1087.099827071785148475,275837,17721,299862355.00,98275,35.63,25.70,-18.10
3-June-2014,1086.00,1101.90,1077.65,1094.75,1091.206151764982451220,242467,17690,264581482.00,69649,28.73,24.25,8.75
2-June-2014,1073.15,1087.90,1065.55,1082.35,1078.358879931160942029,195238,13331,210536631.00,52361,26.82,22.35,9.20
30-May-2014,1083.15,1089.60,1062.00,1065.15,1076.029507707877758299,221332,14822,238159763.00,67128,30.33,27.60,-18.00
29-May-2014,1090.15,1093.90,1069.15,1073.05,1077.375267203131383185,210514,14991,226802577.00,81318,38.63,24.75,-17.10
28-May-2014,1092.40,1106.00,1084.95,1088.55,1093.036933205997685073,227221,18295,248360945.00,62688,27.59,21.05,-3.85
27-May-2014,1105.00,1106.00,1076.05,1087.75,1084.464539829853054911,284460,21958,308486783.00,106518,37.45,29.95,-17.25
26-May-2014,1135.00,1140.00,1076.05,1101.00,1118.601789831605447065,420263,25355,470106944.00,131811,31.36,63.95,-34.00
23-May-2014,1109.00,1131.00,1102.00,1127.85,1117.922706449277711149,370212,23045,413868401.00,152654,41.23,29.00,18.85
22-May-2014,1085.90,1113.50,1085.00,1101.30,1101.436557531061962728,397029,24900,437302255.00,144944,36.51,28.50,15.40
21-May-2014,1080.00,1102.65,1074.00,1078.10,1083.568136227134273603,419241,25928,454276189.00,157106,37.47,28.65,-1.90
20-May-2014,1125.00,1130.00,1075.00,1078.50,1090.790670895500598557,547984,35731,597735835.00,266515,48.64,55.00,-46.50
19-May-2014,1086.00,1124.40,1086.00,1120.25,1108.093140421134220384,549611,32819,609020179.00,224646,40.87,38.40,34.25
16-May-2014,1081.15,1142.50,1063.00,1080.50,1107.741639634154617566,2062948,117824,2285213400.00,815834,39.55,79.50,-0.65
15-May-2014,1045.00,1058.85,1040.00,1053.20,1049.876060228576353901,487277,23850,511580457.00,203155,41.69,18.85,8.20
14-May-2014,1062.70,1067.00,1041.55,1045.55,1051.241972090466568896,465719,25310,489583360.00,190420,40.89,25.45,-17.15
13-May-2014,1037.10,1065.90,1032.85,1061.35,1048.178374474789915966,1005312,50707,1053746298.00,399040,39.69,33.05,24.25
12-May-2014,997.45,1048.00,995.00,1028.95,1028.336614116336246373,1003419,55750,1031852497.00,383025,38.17,53.00,31.50
9-May-2014,957.90,999.00,956.70,997.35,986.472855627280296261,656987,41765,648099842.00,295660,45.00,42.30,39.45
8-May-2014,962.15,969.95,950.95,959.65,962.033199312283969410,446696,14899,429736382.00,98389,22.03,19.00,-2.50
7-May-2014,962.00,971.00,957.00,960.75,964.313289428766499772,421824,16920,406770489.00,211045,50.03,14.00,-1.25
6-May-2014,948.00,967.00,948.00,963.25,958.875716117809422801,676041,19281,648239298.00,462936,68.48,19.00,15.25
5-May-2014,930.00,957.65,925.00,945.20,948.476058888610554442,383232,21726,363486377.00,117576,30.68,32.65,15.20
2-May-2014,941.00,947.30,925.50,928.30,933.632858132579320599,177539,14899,165756244.00,65114,36.68,21.80,-12.70
30-April-2014,945.00,960.00,930.00,935.30,947.600631900481503503,257319,16699,243835647.00,76574,29.76,30.00,-9.70
29-April-2014,948.00,951.80,938.35,940.30,942.549561714903549436,215499,11735,203118488.00,84541,39.23,13.45,-7.70
28-April-2014,947.90,955.40,942.15,945.35,950.211594317597245854,126355,7993,120063986.00,42924,33.97,13.25,-2.55
25-April-2014,967.25,968.00,945.00,947.40,951.556063804832277738,238728,17431,227163076.00,94377,39.53,23.00,-19.85
23-April-2014,970.00,976.90,965.00,966.85,970.709050660763578658,299956,14502,291170004.00,99554,33.19,11.90,-3.15
22-April-2014,960.00,988.90,956.90,968.35,974.606032641818942407,638261,32046,622053021.00,218371,34.21,32.00,8.35
21-April-2014,968.15,970.00,956.00,959.45,960.540586641894583843,499487,24616,479777536.00,272663,54.59,14.00,-8.70
17-April-2014,945.00,962.80,944.40,958.75,955.290685096323577176,354067,16514,338236907.00,221430,62.54,18.40,13.75
16-April-2014,940.20,959.00,938.20,941.05,949.314721374858115777,225536,15067,214104645.00,86204,38.22,20.80,0.85
15-April-2014,953.75,953.75,936.95,948.50,944.151556946690285307,971549,12439,917289501.00,828363,85.26,16.80,-5.25
11-April-2014,966.80,970.60,950.30,952.85,958.607976804075122823,265219,15478,254241049.00,94666,35.69,20.30,-13.95
10-April-2014,961.20,972.90,961.20,968.80,968.015022817306988359,614665,19359,595004954.00,423241,68.86,11.70,7.60
9-April-2014,936.80,964.85,936.80,961.10,954.076161255096372931,264649,14096,252495302.00,127127,24.02,28.05,24.30
7-April-2014,944.00,954.90,934.90,944.05,942.064647993943981831,105680,8684,99557392.00,31820,15.05,20.00,0.05
4-April-2014,950.15,952.60,942.10,944.20,945.830876205455072223,241610,11520,228522198.00,89227,36.93,10.50,-5.95
3-April-2014,955.60,962.20,940.75,951.95,951.615294544831440962,245107,11632,233247570.00,88185,35.98,21.45,-3.65
2-April-2014,945.00,959.80,938.55,956.95,953.296038882527684583,499556,19138,476224756.00,186256,37.28,21.25,11.95
1-April-2014,935.05,944.35,930.10,941.15,937.071347762570657514,497647,16893,466330745.00,199092,40.01,14.25,6.10
31-March-2014,917.25,939.30,914.10,929.50,924.378718799383594585,407524,17255,376706513.00,184341,45.23,25.20,12.25
28-March-2014,899.60,919.30,899.60,914.15,913.820307740599166940,484239,17752,442507432.00,195585,40.39,19.70,14.55
27-March-2014,895.00,904.45,892.75,902.15,901.770942202068455448,1072201,10170,966879706.00,769310,71.75,11.70,7.15
26-March-2014,881.80,902.65,881.80,890.20,891.632898979444928870,368133,15068,328239494.00,128730,34.97,20.85,8.40
25-March-2014,879.00,882.95,872.60,878.65,878.781923331542987047,560413,14431,492480814.00,331640,59.18,10.35,-0.35
24-March-2014,892.00,908.00,892.00,904.60,902.803887952165719710,352885,14510,318585950.00,150242,42.58,16.00,12.60
22-March-2014,887.35,891.00,884.00,888.30,887.272311212814645308,29279,1288,25978446.00,9597,32.78,7.00,0.95
21-March-2014,906.25,913.70,882.55,885.75,894.593922107989092493,335182,14624,299851780.00,99963,29.82,31.15,-20.50
20-March-2014,902.60,906.70,898.00,905.70,904.722742998441888965,276617,9759,250261691.00,119708,43.28,8.70,3.10
19-March-2014,899.00,909.90,895.55,902.15,902.206272690031218657,283164,12903,255472337.00,82934,29.29,14.35,3.15
18-March-2014,890.00,908.80,888.80,895.35,900.764412851114216400,501653,19949,451871170.00,174985,34.88,20.00,5.35
14-March-2014,872.00,889.90,869.75,886.10,880.010860916116399691,240035,9797,211233407.00,72765,30.31,20.15,14.10
13-March-2014,874.05,894.80,873.90,879.10,886.925046481216251078,562055,26661,498500657.00,318456,56.66,20.90,5.05
12-March-2014,873.15,882.35,867.10,871.15,873.621507539720653728,197819,8984,172818933.00,52485,26.53,15.25,-2.00
11-March-2014,884.70,887.90,872.60,874.95,878.759521161078446951,264306,11305,232261414.00,58531,22.15,15.30,-9.75
10-March-2014,864.70,902.40,863.00,885.80,890.645258175326607340,924275,31686,823201146.00,440100,47.62,39.40,21.10
7-March-2014,825.00,873.80,825.00,869.00,855.818914156459219016,792232,36351,678007130.00,342605,43.25,48.80,44.00
6-March-2014,809.35,824.40,809.35,822.00,818.252839843750000000,256000,12331,209472727.00,93006,36.33,15.05,12.65
5-March-2014,815.90,817.85,805.00,806.90,809.805567617866004962,193440,10523,156648789.00,72342,37.40,12.85,-9.00
4-March-2014,804.00,816.55,803.00,814.60,811.790979082586697402,287177,9991,233127698.00,115467,40.21,13.55,10.60
3-March-2014,800.00,806.00,798.00,803.50,802.842751702483382946,245230,10675,196881128.00,77370,31.55,8.00,3.50
28-February-2014,811.95,814.00,794.00,799.25,800.586043514863070110,329037,14616,263422430.00,114250,34.72,20.00,-12.70
26-February-2014,812.75,816.50,808.25,810.55,811.936651610638006653,168039,6482,136437023.00,70913,42.20,8.25,-2.20
25-February-2014,814.55,816.25,807.80,810.40,811.847791381698688681,160983,8467,130693693.00,73176,45.46,8.45,-4.15
24-February-2014,810.00,814.50,805.75,812.40,810.182352310980044996,177349,7359,143685030.00,64697,36.48,8.75,2.40
21-February-2014,808.00,815.95,806.20,811.30,811.035081944815336939,161023,7265,130595302.00,58603,36.39,9.75,3.30
20-February-2014,811.00,813.75,803.40,805.35,808.387812005683798493,186495,7732,150760285.00,75100,40.27,10.35,-5.65
19-February-2014,813.60,819.95,810.50,812.55,814.918144068794911061,135824,6664,110685442.00,38966,28.69,9.45,-1.05
18-February-2014,809.70,817.90,809.00,812.75,815.372383415592776227,442705,6463,360969431.00,347967,78.60,8.90,3.05
17-February-2014,820.90,822.15,807.60,811.45,813.528666624575984204,174227,7385,141738659.00,58718,33.70,14.55,-9.45
14-February-2014,810.35,822.90,809.00,821.50,816.740928131992685249,171161,8971,139794194.00,54234,31.69,13.90,11.15
13-February-2014,818.00,818.75,805.75,807.45,811.132612063428089222,158794,7318,128802992.00,70024,44.10,13.00,-10.55
12-February-2014,807.00,821.85,807.00,817.45,816.617630602979730161,250224,11565,204337330.00,73537,29.39,14.85,10.45
11-February-2014,823.65,824.25,803.00,805.50,810.718963432230757602,291076,13390,235980833.00,97496,33.50,21.25,-18.15
10-February-2014,816.00,825.60,811.90,821.60,821.746683780300104966,183869,9781,151093741.00,57081,31.04,13.70,5.60
7-February-2014,824.60,824.60,811.40,814.30,816.405421529350287406,229640,10175,187479341.00,68289,29.74,13.20,-10.30
6-February-2014,820.15,824.00,809.00,815.85,815.462775125961283479,241344,10834,196807048.00,59111,24.49,15.00,-4.30
5-February-2014,823.00,823.00,808.00,816.15,814.546667809393212204,291700,13568,237603263.00,65144,22.33,15.00,-6.85
4-February-2014,815.00,826.25,813.25,822.00,818.879162305648564297,211151,9749,172907154.00,64450,30.52,13.00,7.00
3-February-2014,829.00,829.40,820.00,821.30,825.291481442413465740,132722,6308,109534336.00,54106,40.77,9.40,-7.70
31-January-2014,829.00,833.80,827.10,830.85,830.544476852155294837,183084,8647,152059405.00,47758,26.09,6.70,1.85
30-January-2014,831.90,834.20,823.00,825.70,827.844288030031567272,234420,11953,194063258.00,96151,41.02,11.20,-6.20
29-January-2014,851.00,852.00,835.10,836.75,842.702521234095410749,178722,10253,150609480.00,71529,40.02,16.90,-14.25
28-January-2014,846.00,855.00,844.20,845.80,849.614061480461103458,165516,8121,140624721.00,39033,23.58,10.80,-0.20
27-January-2014,856.70,860.55,840.10,842.80,849.869076697606253053,235405,10589,200063430.00,88458,37.58,20.45,-13.90
24-January-2014,863.20,874.50,862.35,867.00,868.707855828302675213,224954,12885,195419307.00,68274,30.35,12.15,3.80
23-January-2014,861.00,871.00,861.00,866.05,866.436190409430512474,171189,8817,148324345.00,46551,27.19,10.00,5.05
22-January-2014,862.60,875.70,859.00,872.20,869.386214472311711329,216662,10424,188362956.00,62384,28.79,16.70,9.60
21-January-2014,873.25,874.80,862.85,864.05,866.615092746735722788,210843,9501,182719726.00,43963,20.85,11.95,-9.20
20-January-2014,884.55,888.85,866.20,869.50,872.144062390682552420,388776,20013,339068680.00,138694,35.67,22.65,-15.05
17-January-2014,889.00,896.80,880.75,884.55,890.311027755443774793,300986,14436,267971155.00,110136,36.59,16.05,-4.45
16-January-2014,889.70,891.95,882.00,885.15,887.958997823782155013,179210,8782,159131132.00,31530,17.59,9.95,-4.55
15-January-2014,880.00,894.90,880.00,885.40,889.532687080138057683,275537,13175,245099168.00,69381,25.18,14.90,5.40
14-January-2014,877.35,884.80,872.80,881.10,880.239655248230069038,227410,10199,200175300.00,47613,20.94,12.00,3.75
13-January-2014,865.10,881.55,865.10,879.00,876.247137947623105197,318041,14249,278682516.00,107614,33.84,16.45,13.90
10-January-2014,848.45,874.70,848.45,856.90,862.504846906690641114,429346,17873,370313006.00,60349,14.06,26.25,8.45
9-January-2014,850.00,853.10,844.95,850.55,849.707537863908166382,229110,9884,194676494.00,78320,34.18,8.15,0.55
8-January-2014,845.40,856.50,844.60,848.25,849.984080474355720646,216715,9333,184204300.00,48240,22.26,11.90,2.85
7-January-2014,855.50,859.75,840.20,842.15,847.536377773411875181,300307,14004,254521107.00,114825,38.24,19.55,-13.35
6-January-2014,864.00,864.00,851.35,854.90,855.010742315032079501,237379,10323,202961595.00,97672,41.15,12.65,-9.10
3-January-2014,870.20,873.45,856.40,865.00,864.689845033207169892,280060,16118,242165038.00,86118,30.75,17.05,-5.20
2-January-2014,890.00,895.80,871.00,875.35,883.426613046802182496,190974,7696,168711514.00,55543,29.08,24.80,-14.65
1-January-2014,896.75,898.00,887.20,888.70,891.422721084225509004,129272,5540,115235998.00,41484,32.09,10.80,-8.05
